accession	strain	collection_date	country	host
NC_002695	Sakai	unknown	unknown	unknown
NC_002695	Sakai	unknown	unknown	unknown
NC_002695	Sakai	unknown	unknown	unknown
NC_012892	BL21(DE3)	unknown	unknown	unknown
NC_007779	K-12	unknown	unknown	unknown
NC_011415	SE11	unknown	unknown	unknown
NC_011415	SE11	unknown	unknown	unknown
NC_011415	SE11	unknown	unknown	unknown
NC_011415	SE11	unknown	unknown	unknown
NC_011415	SE11	unknown	unknown	unknown
NC_011415	SE11	unknown	unknown	unknown
NC_011415	SE11	unknown	unknown	unknown
NC_013654	SE15	unknown	unknown	unknown
NC_013654	SE15	unknown	unknown	unknown
NC_013353	12009	unknown	unknown	unknown
NC_013353	12009	unknown	unknown	unknown
NC_013364	11128	unknown	unknown	unknown
NC_013364	11128	unknown	unknown	unknown
NC_013364	11128	unknown	unknown	unknown
NC_013364	11128	unknown	unknown	unknown
NC_013364	11128	unknown	unknown	unknown
NC_013364	11128	unknown	unknown	unknown
NC_007946	UTI89	unknown	unknown	unknown
NC_007946	UTI89	unknown	unknown	unknown
NC_008253	536	unknown	unknown	unknown
NC_008563	APEC O1	unknown	unknown	unknown
NC_008563	APEC O1	unknown	unknown	unknown
NC_008563	APEC O1	unknown	unknown	unknown
NC_009801	E24377A	unknown	unknown	unknown
NC_009801	E24377A	unknown	unknown	unknown
NC_009801	E24377A	unknown	unknown	unknown
NC_009801	E24377A	unknown	unknown	unknown
NC_009801	E24377A	unknown	unknown	unknown
NC_009801	E24377A	unknown	unknown	unknown
NC_009801	E24377A	unknown	unknown	unknown
NC_009800	HS	unknown	unknown	unknown
NC_012967	REL606	unknown	unknown	unknown
NC_010468	ATCC 8739	unknown	unknown	unknown
NC_010473	K-12	unknown	unknown	unknown
NC_010498	SMS-3-5	unknown	unknown	unknown
NC_010498	SMS-3-5	unknown	unknown	unknown
NC_010498	SMS-3-5	unknown	unknown	unknown
NC_010498	SMS-3-5	unknown	unknown	unknown
NC_010498	SMS-3-5	unknown	unknown	unknown
NC_011353	EC4115	unknown	unknown	unknown
NC_011353	EC4115	unknown	unknown	unknown
NC_011353	EC4115	unknown	unknown	unknown
NC_013008	TW14359	unknown	unknown	unknown
NC_013008	TW14359	unknown	unknown	unknown
NC_012759	K-12	unknown	unknown	unknown
NC_012971	BL21(DE3)	unknown	unknown	unknown
NC_017625	DH1	unknown	unknown	unknown
NC_012947	BL21-Gold(DE3)pLysS AG	unknown	unknown	unknown
NC_013941	CB9615	unknown	Germany	Homo sapiens
NC_013941	CB9615	unknown	Germany	Homo sapiens
NC_017628	IHE3034	unknown	unknown	unknown
NC_011748	55989	unknown	unknown	unknown
NC_011741	IAI1	unknown	unknown	unknown
NC_011750	IAI39	unknown	unknown	unknown
NC_011601	E2348/69	unknown	unknown	unknown
NC_011601	E2348/69	unknown	unknown	unknown
NC_011601	E2348/69	unknown	unknown	unknown
NC_017626	042	unknown	unknown	unknown
NC_017626	042	unknown	unknown	unknown
NC_013361	11368	unknown	unknown	unknown
NC_013361	11368	unknown	unknown	unknown
NC_013361	11368	unknown	unknown	unknown
NC_013361	11368	unknown	unknown	unknown
NC_013361	11368	unknown	unknown	unknown
NC_016902	KO11	unknown	unknown	unknown
NC_016902	KO11	unknown	unknown	unknown
NC_016902	KO11	unknown	unknown	unknown
NC_017631	ABU 83972	unknown	unknown	Homo sapiens
NC_017631	ABU 83972	unknown	unknown	Homo sapiens
NC_017632	unknown	unknown	unknown	unknown
NC_017632	unknown	unknown	unknown	unknown
NC_017634	NRG 857C	unknown	unknown	unknown
NC_017634	NRG 857C	unknown	unknown	unknown
NC_017635	W	unknown	unknown	unknown
NC_017635	W	unknown	unknown	unknown
NC_017635	W	unknown	unknown	unknown
NC_017633	ETEC H10407	unknown	unknown	unknown
NC_017633	ETEC H10407	unknown	unknown	unknown
NC_017633	ETEC H10407	unknown	unknown	unknown
NC_017633	ETEC H10407	unknown	unknown	unknown
NC_017633	ETEC H10407	unknown	unknown	unknown
NC_017641	UMNK88	unknown	USA	porcine
NC_017641	UMNK88	unknown	USA	porcine
NC_017641	UMNK88	unknown	USA	porcine
NC_017641	UMNK88	unknown	USA	porcine
NC_017641	UMNK88	unknown	USA	porcine
NC_017641	UMNK88	unknown	USA	porcine
NC_017646	CE10	unknown	USA	Homo sapiens
NC_017646	CE10	unknown	USA	Homo sapiens
NC_017646	CE10	unknown	USA	Homo sapiens
NC_017646	CE10	unknown	USA	Homo sapiens
NC_017646	CE10	unknown	USA	Homo sapiens
NC_017651	clone D i2	unknown	unknown	unknown
NC_017652	clone D i14	unknown	unknown	unknown
NC_017656	RM12579	1974	USA	Homo sapiens
NC_017656	RM12579	1974	USA	Homo sapiens
NC_017656	RM12579	1974	USA	Homo sapiens
NC_017656	RM12579	1974	USA	Homo sapiens
NC_017656	RM12579	1974	USA	Homo sapiens
NC_017656	RM12579	1974	USA	Homo sapiens
NC_017663	P12b	unknown	unknown	unknown
NC_017660	KO11FL	unknown	unknown	unknown
NC_017660	KO11FL	unknown	unknown	unknown
NC_017664	W	unknown	unknown	unknown
NC_017664	W	unknown	unknown	unknown
NC_017664	W	unknown	unknown	unknown
NC_017906	Xuzhou21	unknown	unknown	unknown
NC_017906	Xuzhou21	unknown	unknown	unknown
NC_017906	Xuzhou21	unknown	unknown	unknown
NC_017638	DH1	unknown	unknown	unknown
NC_011993	LF82	unknown	unknown	unknown
NZ_HG941718	EC958	unknown	unknown	unknown
NZ_HG941718	EC958	unknown	unknown	unknown
NZ_HG941718	EC958	unknown	unknown	unknown
NC_018650	2009EL-2050	2009	Georgia	Homo sapiens
NC_018650	2009EL-2050	2009	Georgia	Homo sapiens
NC_018650	2009EL-2050	2009	Georgia	Homo sapiens
NC_018650	2009EL-2050	2009	Georgia	Homo sapiens
NC_018658	2011C-3493	2011	unknown	Homo sapiens
NC_018658	2011C-3493	2011	unknown	Homo sapiens
NC_018658	2011C-3493	2011	unknown	Homo sapiens
NC_018658	2011C-3493	2011	unknown	Homo sapiens
NC_018661	2009EL-2071	2009	unknown	Homo sapiens
NC_018661	2009EL-2071	2009	unknown	Homo sapiens
NC_018661	2009EL-2071	2009	unknown	Homo sapiens
NC_020163	APEC O78	unknown	unknown	unknown
NC_020518	K-12	unknown	unknown	unknown
NC_022364	LY180	unknown	unknown	unknown
NC_022648	JJ1886	unknown	unknown	unknown
NC_022648	JJ1886	unknown	unknown	unknown
NC_022648	JJ1886	unknown	unknown	unknown
NC_022648	JJ1886	unknown	unknown	unknown
NC_022648	JJ1886	unknown	unknown	unknown
NC_022648	JJ1886	unknown	unknown	unknown
NZ_HG738867	K-12	unknown	unknown	unknown
NZ_CP006027	RM13514	unknown	USA	Homo sapiens
NZ_CP006027	RM13514	unknown	USA	Homo sapiens
NZ_CP006027	RM13514	unknown	USA	Homo sapiens
NZ_CP007265	ST540	unknown	unknown	Homo sapiens
NZ_CP007390	ST540	2012	Belgium	unknown
NZ_CP007391	ST540	2012	Belgium	unknown
NZ_CP007393	ST2747	2012	Belgium	unknown
NZ_CP007394	ST2747	2012	Belgium	unknown
NZ_CP007133	RM12761	unknown	Belgium	unknown
NZ_CP007133	RM12761	unknown	Belgium	unknown
NZ_CP007133	RM12761	unknown	Belgium	unknown
NZ_CP007799	Nissle 1917	unknown	unknown	Homo sapiens
NZ_CP008801	KLY	unknown	unknown	unknown
NZ_CP008805	SS17	2010	USA	unknown
NZ_CP008805	SS17	2010	USA	unknown
NZ_CP008805	SS17	2010	USA	unknown
NZ_CP009072	ATCC 25922	unknown	unknown	unknown
NZ_CP009072	ATCC 25922	unknown	unknown	unknown
NZ_CP009072	ATCC 25922	unknown	unknown	unknown
NZ_CP009273	K-12	2000	USA	unknown
NZ_CP009859	ECONIH1	2013	USA	Homo sapiens
NZ_CP009859	ECONIH1	2013	USA	Homo sapiens
NZ_CP009859	ECONIH1	2013	USA	Homo sapiens
NZ_CP009859	ECONIH1	2013	USA	Homo sapiens
NZ_CP009789	ER3413	unknown	USA	unknown
NZ_CP007149	RS218	unknown	unknown	unknown
NZ_CP007149	RS218	unknown	unknown	unknown
NZ_CP009104	RM9387	2009	USA	unknown
NZ_CP009104	RM9387	2009	USA	unknown
NZ_CP009685	K-12	2014	USA	unknown
NZ_CP010304	SS52	2010	USA	unknown
NZ_CP010304	SS52	2010	USA	unknown
NZ_CP005930	APEC IMT5155	unknown	unknown	chicken
NZ_CP005930	APEC IMT5155	unknown	unknown	chicken
NZ_CP005930	APEC IMT5155	unknown	unknown	chicken
NZ_CP010315	789	1990	Israel	unknown
NZ_CP010315	O78-789	unknown	unknown	unknown
NZ_CP010315	O78-789	unknown	unknown	unknown
NZ_CP010315	O78-789	unknown	unknown	unknown
NZ_CP007592	Santai	2011	China	duck
NZ_CP009166	1303	unknown	unknown	Bos taurus (bovine)
NZ_CP009166	1303	unknown	unknown	Bos taurus (bovine)
NZ_CP009166	1303	unknown	unknown	Bos taurus (bovine)
NZ_CP009166	1303	unknown	unknown	Bos taurus (bovine)
NZ_CP010344	ECC-1470	unknown	unknown	Bos taurus (bovine)
NZ_CP010344	ECC-1470	unknown	unknown	Bos taurus (bovine)
NZ_CP010816	BL21 (TaKaRa)	unknown	unknown	unknown
NZ_CP011124	USML2	2006	Malaysia	Elaeis guineensis
NZ_LM995446	K-12 substr. RV308	unknown	unknown	unknown
NZ_LM993812	K-12 substr. HMS174	unknown	unknown	unknown
NZ_HF572917	unknown	unknown	unknown	unknown
NZ_HF572917	unknown	unknown	unknown	unknown
NZ_HF572917	unknown	unknown	unknown	unknown
NZ_HF572917	unknown	unknown	unknown	unknown
NZ_CP011018	CI5	unknown	unknown	Homo sapiens
NZ_CP011018	CI5	unknown	unknown	Homo sapiens
NZ_CP010438	ER3454	2014	unknown	unknown
NZ_CP010439	ER3440	2014	unknown	unknown
NZ_CP010441	ER3445	2014	unknown	unknown
NZ_CP010442	ER3466	2014	unknown	unknown
NZ_CP010443	ER3446	2014	unknown	unknown
NZ_CP010445	ER3435	2014	unknown	unknown
NZ_LN832404	K-12	unknown	unknown	unknown
NZ_CP011331	C227-11	2011	Denmark	Homo sapiens
NZ_CP011331	C227-11	2011	Denmark	Homo sapiens
NZ_CP011331	C227-11	2011	Denmark	Homo sapiens
NZ_CP011331	C227-11	2011	Denmark	Homo sapiens
NZ_CP011331	C227-11	2011	Denmark	Homo sapiens
NZ_CP011331	C227-11	2011	Denmark	Homo sapiens
NZ_CP011331	C227-11	2011	Denmark	Homo sapiens
NZ_CP011331	C227-11	2011	Denmark	Homo sapiens
NZ_CP011320	SQ37	2008	USA	unknown
NZ_CP011321	SQ88	2008	USA	unknown
NZ_CP011324	SQ2203	2008	USA	unknown
NZ_CP011342	K-12	unknown	unknown	unknown
NZ_CP011343	K-12	unknown	unknown	unknown
NZ_CP006636	PCN061	unknown	unknown	unknown
NZ_CP006636	PCN061	unknown	unknown	unknown
NZ_CP006636	PCN061	unknown	unknown	unknown
NZ_CP006636	PCN061	unknown	unknown	unknown
NZ_CP006636	PCN061	unknown	unknown	unknown
NZ_CP006636	PCN061	unknown	unknown	unknown
NZ_CP006636	PCN061	unknown	unknown	unknown
NZ_CP011495	NCM3722	2014	USA	Homo sapiens
NZ_CP011495	NCM3722	2014	USA	Homo sapiens
NZ_CP007442	ACN001	unknown	unknown	unknown
NZ_CP012125	DH1Ec095	2013	USA	unknown
NZ_CP012127	DH1Ec169	2014	USA	unknown
NZ_CP011113	RR1	unknown	unknown	Homo sapiens
NZ_CP012635	SF-088	2007	USA	Homo sapiens
NZ_CP012635	SF-088	2007	USA	Homo sapiens
NZ_CP012635	SF-088	2007	USA	Homo sapiens
NZ_CP012635	SF-088	2007	USA	Homo sapiens
NZ_CP012633	SF-166	2008	USA	Homo sapiens
NZ_CP012633	SF-166	2008	USA	Homo sapiens
NZ_CP012631	SF-173	2008	USA	Homo sapiens
NZ_CP012631	SF-173	2008	USA	Homo sapiens
NZ_CP012802	WS4202	2003	France	unknown
NZ_CP012802	WS4202	2003	France	unknown
NZ_CP012802	WS4202	2003	France	unknown
NZ_CP012869	K-12	2014	India	unknown
NZ_CP012870	K-12	2014	India	unknown
NZ_CP013029	2012C-4227	2012	USA	Homo sapiens
NZ_CP013029	2012C-4227	2012	USA	Homo sapiens
NZ_CP013029	2012C-4227	2012	USA	Homo sapiens
NZ_CP013112	YD786	2012	USA	Homo sapiens
NZ_CP013253	CQSW20	2007	China	Homo sapiens
NZ_CP013658	uk_P46212	2005	United Kingdom	Homo sapiens
NZ_CP013658	uk_P46212	2005	United Kingdom	Homo sapiens
NZ_CP013831	CD306	2002	USA	cat
NZ_CP013831	CD306	2002	USA	cat
NZ_CP013835	JJ2434	2008	USA	Homo sapiens
NZ_CP013835	JJ2434	2008	USA	Homo sapiens
NZ_CP013835	JJ2434	2008	USA	Homo sapiens
NZ_CP007491	ACN002	unknown	unknown	unknown
NZ_CP014225	K-12	1992	USA	Homo sapiens
NZ_CP014314	JEONG-1266	2013	USA	Bos taurus
NZ_CP014314	JEONG-1266	2013	USA	Bos taurus
NZ_CP014268	C2566	unknown	USA	unknown
NZ_CP014270	DHB4	unknown	unknown	unknown
NZ_CP014270	DHB4	unknown	unknown	unknown
NZ_CP014272	C3026	unknown	unknown	unknown
NZ_CP014272	C3026	unknown	unknown	unknown
NZ_CP014348	JW5437-1	unknown	unknown	unknown
NZ_CP014488	G749	2010	USA	Homo sapiens
NZ_CP014488	G749	2010	USA	Homo sapiens
NZ_CP014488	G749	2010	USA	Homo sapiens
NZ_CP014488	G749	2010	USA	Homo sapiens
NZ_CP014492	MVAST0167	2010	USA	Homo sapiens
NZ_CP014492	MVAST0167	2010	USA	Homo sapiens
NZ_CP014492	MVAST0167	2010	USA	Homo sapiens
NZ_CP014497	ZH193	2004	unknown	Homo sapiens
NZ_CP014497	ZH193	2004	unknown	Homo sapiens
NZ_CP014316	JJ1887	2007	USA	Homo sapiens
NZ_CP014316	JJ1887	2007	USA	Homo sapiens
NZ_CP014316	JJ1887	2007	USA	Homo sapiens
NZ_CP014316	JJ1887	2007	USA	Homo sapiens
NZ_CP014316	JJ1887	2007	USA	Homo sapiens
NZ_CP014316	JJ1887	2007	USA	Homo sapiens
NZ_CP011061	Sanji	2011	China	pheasant
NZ_CP011061	Sanji	2011	China	pheasant
NZ_CP011061	Sanji	2011	China	pheasant
NZ_CP011061	Sanji	2011	China	pheasant
NZ_CP011061	Sanji	2011	China	pheasant
NZ_CP011061	Sanji	2011	China	pheasant
NZ_CP011061	Sanji	2011	China	pheasant
NZ_CP015020	28RC1	1999	USA	unknown
NZ_CP015020	28RC1	1999	USA	unknown
NZ_CP015138	Ecol_732	2012	Thailand	Homo sapiens
NZ_CP015138	Ecol_732	2012	Thailand	Homo sapiens
NZ_CP015138	Ecol_732	2012	Thailand	Homo sapiens
NZ_CP015138	Ecol_732	2012	Thailand	Homo sapiens
NZ_CP015138	Ecol_732	2012	Thailand	Homo sapiens
NZ_CP015138	Ecol_732	2012	Thailand	Homo sapiens
NZ_CP015138	Ecol_732	2012	Thailand	Homo sapiens
NZ_CP015069	Ecol_743	2012	United Arab Emirates	Homo sapiens
NZ_CP015069	Ecol_743	2012	United Arab Emirates	Homo sapiens
NZ_CP015069	Ecol_743	2012	United Arab Emirates	Homo sapiens
NZ_CP015069	Ecol_743	2012	United Arab Emirates	Homo sapiens
NZ_CP015069	Ecol_743	2012	United Arab Emirates	Homo sapiens
NZ_CP015074	Ecol_745	unknown	unknown	unknown
NZ_CP015074	Ecol_745	unknown	unknown	unknown
NZ_CP015240	2011C-3911	2011	unknown	Homo sapiens
NZ_CP015240	2011C-3911	2011	unknown	Homo sapiens
NZ_CP015241	2013C-4465	2013	unknown	Homo sapiens
NZ_CP015241	2013C-4465	2013	unknown	Homo sapiens
NZ_CP015832	180-PT54	2012	United Kingdom	Homo sapiens
NZ_CP015832	180-PT54	2012	United Kingdom	Homo sapiens
NZ_CP015846	FRIK2069	2011	USA	unknown
NZ_CP015846	FRIK2069	2011	USA	unknown
NZ_CP015842	FRIK2533	2011	USA	Bos taurus
NZ_CP015843	FRIK2455	2011	USA	Bos taurus
NZ_CP015843	FRIK2455	2011	USA	Bos taurus
NZ_CP015843	FRIK2455	2011	USA	Bos taurus
NZ_CP016007	NGF1	2014	USA	Mus musculus
NZ_CP016007	NGF1	2014	USA	Mus musculus
NZ_CP016007	NGF1	2014	USA	Mus musculus
NZ_CP016018	ER1821R	unknown	unknown	unknown
NZ_CP015159	Eco889	2014	USA	Homo sapiens
NZ_CP015159	Eco889	2014	USA	Homo sapiens
NZ_CP015159	Eco889	2014	USA	Homo sapiens
NZ_CP014667	ECONIH2	2014	USA	Homo sapiens
NZ_CP014667	ECONIH2	2014	USA	Homo sapiens
NZ_CP014667	ECONIH2	2014	USA	Homo sapiens
NZ_CP015229	06-00048	2006	USA	unknown
NZ_CP015229	06-00048	2006	USA	unknown
NZ_CP013662	08-00022	unknown	unknown	Homo sapiens
NZ_CP013662	08-00022	unknown	unknown	Homo sapiens
NZ_CP013031	H1827/12	unknown	unknown	Homo sapiens
NZ_CP013663	GB089	unknown	unknown	unknown
NZ_CP013663	GB089	unknown	unknown	unknown
NZ_CP016182	EC590	2013	Malaysia	Homo sapiens
NZ_CP016358	K-15KW01	2015	Switzerland	Homo sapiens
NZ_CP016497	UPEC 26-1	2012	South Korea	Homo sapiens
NZ_CP016497	UPEC 26-1	2012	South Korea	Homo sapiens
NZ_CP016625	FRIK944	2014	USA	Bos taurus
NZ_CP016625	FRIK944	2014	USA	Bos taurus
NZ_CP012693	FORC_028	2003	South Korea	Homo sapiens
NZ_CP014670	CFSAN004177	2004	USA	Homo sapiens
NZ_CP014670	CFSAN004177	2004	USA	Homo sapiens
NZ_CP014670	CFSAN004177	2004	USA	Homo sapiens
NZ_CP014670	CFSAN004177	2004	USA	Homo sapiens
NZ_CP015834	MS6198	unknown	United Kingdom	Homo sapiens
NZ_CP015834	MS6198	unknown	United Kingdom	Homo sapiens
NZ_CP015834	MS6198	unknown	United Kingdom	Homo sapiens
NZ_CP015834	MS6198	unknown	United Kingdom	Homo sapiens
NZ_CP015834	MS6198	unknown	United Kingdom	Homo sapiens
NZ_CP017100	K-12 NEB 5-alpha	2016	USA	unknown
NZ_CP016404	210221272	unknown	unknown	unknown
NZ_CP016404	210221272	unknown	unknown	unknown
NZ_CP017434	1130	2003	USA	unknown
NZ_CP017434	1130	2003	USA	unknown
NZ_CP017436	2149	2003	USA	unknown
NZ_CP017436	2149	2003	USA	unknown
NZ_CP017444	8368	2003	Canada	unknown
NZ_CP017444	8368	2003	Canada	unknown
NZ_CP017446	9234	2003	USA	unknown
NZ_CP017446	9234	2003	USA	unknown
NZ_CP017440	3384	2003	USA	unknown
NZ_CP017440	3384	2003	USA	unknown
NZ_CP017442	4276	2003	USA	unknown
NZ_CP017442	4276	2003	USA	unknown
NZ_CP017251	NADC 5570/86-24/6564	unknown	unknown	unknown
NZ_CP017251	NADC 5570/86-24/6564	unknown	unknown	unknown
NZ_CP013483	Y5	2013	China	Homo sapiens
NZ_CP017669	PA20	2008	USA	unknown
NZ_CP017669	PA20	2008	USA	unknown
NZ_CP018115	MRSN346638	2016	USA	Homo sapiens
NZ_CP018115	MRSN346638	2016	USA	Homo sapiens
NZ_CP018115	MRSN346638	2016	USA	Homo sapiens
NZ_CP018115	MRSN346638	2016	USA	Homo sapiens
NZ_CP018115	MRSN346638	2016	USA	Homo sapiens
NZ_CP018115	MRSN346638	2016	USA	Homo sapiens
NZ_CP018121	MRSN346355	2016	USA	Homo sapiens
NZ_CP018121	MRSN346355	2016	USA	Homo sapiens
NZ_CP018121	MRSN346355	2016	USA	Homo sapiens
NZ_CP018121	MRSN346355	2016	USA	Homo sapiens
NZ_CP018121	MRSN346355	2016	USA	Homo sapiens
NZ_CP018121	MRSN346355	2016	USA	Homo sapiens
NZ_CP018109	MRSN346595	2016	USA	Homo sapiens
NZ_CP018109	MRSN346595	2016	USA	Homo sapiens
NZ_CP018109	MRSN346595	2016	USA	Homo sapiens
NZ_CP018109	MRSN346595	2016	USA	Homo sapiens
NZ_CP018109	MRSN346595	2016	USA	Homo sapiens
NZ_CP018109	MRSN346595	2016	USA	Homo sapiens
NZ_CP017844	FMU073332	1987	Mexico	Homo sapiens
NZ_CP017844	FMU073332	1987	Mexico	Homo sapiens
NZ_CP017844	FMU073332	1987	Mexico	Homo sapiens
NZ_CP017844	FMU073332	1987	Mexico	Homo sapiens
NZ_CP017844	FMU073332	1987	Mexico	Homo sapiens
NZ_CP018237	155	2012	United Kingdom	Homo sapiens
NZ_CP018237	155	2012	United Kingdom	Homo sapiens
NZ_CP018239	272	2013	United Kingdom	Homo sapiens
NZ_CP018239	272	2013	United Kingdom	Homo sapiens
NZ_CP018243	350	2011	United Kingdom	Homo sapiens
NZ_CP018243	350	2011	United Kingdom	Homo sapiens
NZ_CP018252	9000	2002	United Kingdom	unknown
NZ_CP018252	9000	2002	United Kingdom	unknown
NZ_CP018247	7784	2002	United Kingdom	unknown
NZ_CP018247	7784	2002	United Kingdom	unknown
NZ_CP018250	10671	2002	United Kingdom	unknown
NZ_CP018250	10671	2002	United Kingdom	unknown
NZ_CP018206	MRSN346647	2016	USA	Homo sapiens
NZ_CP018206	MRSN346647	2016	USA	Homo sapiens
NZ_CP018206	MRSN346647	2016	USA	Homo sapiens
NZ_CP010116	C1	2014	unknown	cow
NZ_CP010132	C10	2014	unknown	cow
NZ_CP010133	C11	2014	unknown	cow
NZ_CP010150	D7	2014	unknown	dog
NZ_CP010169	H5	2014	unknown	unknown
NZ_CP010170	H6	2014	unknown	unknown
NZ_CP010171	H7	2014	unknown	unknown
NZ_CP010117	C2	2014	unknown	cow
NZ_CP010117	C2	2014	unknown	cow
NZ_CP010119	C3	2014	unknown	cow
NZ_CP010119	C3	2014	unknown	cow
NZ_CP010122	C5	2014	unknown	cow
NZ_CP010122	C5	2014	unknown	cow
NZ_CP010122	C5	2014	unknown	cow
NZ_CP010129	C9	2014	unknown	cow
NZ_CP010129	C9	2014	unknown	cow
NZ_CP010129	C9	2014	unknown	cow
NZ_CP010134	D1	2014	unknown	dog
NZ_CP010134	D1	2014	unknown	dog
NZ_CP010134	D1	2014	unknown	dog
NZ_CP010137	D2	2014	unknown	dog
NZ_CP010137	D2	2014	unknown	dog
NZ_CP010137	D2	2014	unknown	dog
NZ_CP010143	D4	2014	unknown	dog
NZ_CP010143	D4	2014	unknown	dog
NZ_CP010145	D5	2014	unknown	dog
NZ_CP010145	D5	2014	unknown	dog
NZ_CP010145	D5	2014	unknown	dog
NZ_CP010148	D6	2014	unknown	dog
NZ_CP010148	D6	2014	unknown	dog
NZ_CP010157	D10	2014	unknown	dog
NZ_CP010157	D10	2014	unknown	dog
NZ_CP010157	D10	2014	unknown	dog
NZ_CP010160	H1	2014	unknown	unknown
NZ_CP010160	H1	2014	unknown	unknown
NZ_CP010160	H1	2014	unknown	unknown
NZ_CP010163	H2	2014	unknown	unknown
NZ_CP010163	H2	2014	unknown	unknown
NZ_CP010163	H2	2014	unknown	unknown
NZ_CP010163	H2	2014	unknown	unknown
NZ_CP010172	H8	2014	unknown	unknown
NZ_CP010172	H8	2014	unknown	unknown
NZ_CP010172	H8	2014	unknown	unknown
NZ_CP010172	H8	2014	unknown	unknown
NZ_CP010177	H14	2014	unknown	unknown
NZ_CP010228	S3	2014	unknown	unknown
NZ_CP010235	S40	2014	unknown	unknown
NZ_CP010236	S42	2014	unknown	unknown
NZ_CP010237	S43	2014	unknown	unknown
NZ_CP010180	M1	2014	unknown	mouse
NZ_CP010180	M1	2014	unknown	mouse
NZ_CP010180	M1	2014	unknown	mouse
NZ_CP010183	M3	2014	unknown	mouse
NZ_CP010183	M3	2014	unknown	mouse
NZ_CP010183	M3	2014	unknown	mouse
NZ_CP010186	M6	2014	unknown	mouse
NZ_CP010186	M6	2014	unknown	mouse
NZ_CP010186	M6	2014	unknown	mouse
NZ_CP010186	M6	2014	unknown	mouse
NZ_CP010186	M6	2014	unknown	mouse
NZ_CP010196	M9	2014	unknown	mouse
NZ_CP010196	M9	2014	unknown	mouse
NZ_CP010196	M9	2014	unknown	mouse
NZ_CP010196	M9	2014	unknown	mouse
NZ_CP010200	M10	2014	unknown	mouse
NZ_CP010200	M10	2014	unknown	mouse
NZ_CP010200	M10	2014	unknown	mouse
NZ_CP010200	M10	2014	unknown	mouse
NZ_CP010200	M10	2014	unknown	mouse
NZ_CP010200	M10	2014	unknown	mouse
NZ_CP010206	M11	2014	unknown	mouse
NZ_CP010206	M11	2014	unknown	mouse
NZ_CP010206	M11	2014	unknown	mouse
NZ_CP010206	M11	2014	unknown	mouse
NZ_CP010206	M11	2014	unknown	mouse
NZ_CP010206	M11	2014	unknown	mouse
NZ_CP010206	M11	2014	unknown	mouse
NZ_CP010219	M18	2014	unknown	mouse
NZ_CP010219	M18	2014	unknown	mouse
NZ_CP010221	M19	2014	unknown	mouse
NZ_CP010221	M19	2014	unknown	mouse
NZ_CP010221	M19	2014	unknown	mouse
NZ_CP010221	M19	2014	unknown	mouse
NZ_CP010221	M19	2014	unknown	mouse
NZ_CP010226	S1	2014	unknown	unknown
NZ_CP010226	S1	2014	unknown	unknown
NZ_CP010238	S50	2014	unknown	unknown
NZ_CP010238	S50	2014	unknown	unknown
NZ_CP010240	C7	2014	unknown	cow
NZ_CP010240	C7	2014	unknown	cow
NZ_CP010242	S56	2014	unknown	unknown
NZ_CP010242	S56	2014	unknown	unknown
NZ_CP010242	S56	2014	unknown	unknown
NZ_CP010242	S56	2014	unknown	unknown
NZ_CP018801	tolC-	1980	Germany	unknown
NZ_CP017631	SLK172	2015	China	Homo sapiens
NZ_CP017631	SLK172	2015	China	Homo sapiens
NZ_CP017631	SLK172	2015	China	Homo sapiens
NZ_CP018770	2016C-3936C1	unknown	USA	Homo sapiens
NZ_CP018770	2016C-3936C1	unknown	USA	Homo sapiens
NZ_CP018770	2016C-3936C1	unknown	USA	Homo sapiens
NZ_CP018770	2016C-3936C1	unknown	USA	Homo sapiens
NZ_CP018770	2016C-3936C1	unknown	USA	Homo sapiens
NZ_CP018770	2016C-3936C1	unknown	USA	Homo sapiens
NZ_CP019629	MGY	2014	Israel	unknown
NZ_CP019778	NCTC86	1885	Germany	Homo sapiens
NZ_CP019903	MDR_56	2015	USA	Homo sapiens
NZ_CP019903	MDR_56	2015	USA	Homo sapiens
NZ_CP019903	MDR_56	2015	USA	Homo sapiens
NZ_CP019903	MDR_56	2015	USA	Homo sapiens
NZ_CP019903	MDR_56	2015	USA	Homo sapiens
NZ_CP019903	MDR_56	2015	USA	Homo sapiens
NZ_CP019903	MDR_56	2015	USA	Homo sapiens
NZ_CP019903	MDR_56	2015	USA	Homo sapiens
NZ_CP018953	Ecol_276	2010	USA	Homo sapiens
NZ_CP018953	Ecol_276	2010	USA	Homo sapiens
NZ_CP018953	Ecol_276	2010	USA	Homo sapiens
NZ_CP018953	Ecol_276	2010	USA	Homo sapiens
NZ_CP018953	Ecol_276	2010	USA	Homo sapiens
NZ_CP018957	Ecol_316	2011	USA	Homo sapiens
NZ_CP018957	Ecol_316	2011	USA	Homo sapiens
NZ_CP018957	Ecol_316	2011	USA	Homo sapiens
NZ_CP018957	Ecol_316	2011	USA	Homo sapiens
NZ_CP018965	Ecol_517	2011	Brazil	Homo sapiens
NZ_CP018965	Ecol_517	2011	Brazil	Homo sapiens
NZ_CP018965	Ecol_517	2011	Brazil	Homo sapiens
NZ_CP018976	Ecol_545	2011	Viet Nam	Homo sapiens
NZ_CP018976	Ecol_545	2011	Viet Nam	Homo sapiens
NZ_CP018976	Ecol_545	2011	Viet Nam	Homo sapiens
NZ_CP018976	Ecol_545	2011	Viet Nam	Homo sapiens
NZ_CP018976	Ecol_545	2011	Viet Nam	Homo sapiens
NZ_CP018976	Ecol_545	2011	Viet Nam	Homo sapiens
NZ_CP018979	Ecol_656	2012	USA	Homo sapiens
NZ_CP018979	Ecol_656	2012	USA	Homo sapiens
NZ_CP018979	Ecol_656	2012	USA	Homo sapiens
NZ_CP018991	Ecol_AZ146	2012	Italy	Homo sapiens
NZ_CP018991	Ecol_AZ146	2012	Italy	Homo sapiens
NZ_CP018991	Ecol_AZ146	2012	Italy	Homo sapiens
NZ_CP018991	Ecol_AZ146	2012	Italy	Homo sapiens
NZ_CP018991	Ecol_AZ146	2012	Italy	Homo sapiens
NZ_CP018991	Ecol_AZ146	2012	Italy	Homo sapiens
NZ_CP018991	Ecol_AZ146	2012	Italy	Homo sapiens
NZ_CP018991	Ecol_AZ146	2012	Italy	Homo sapiens
NZ_CP019005	Ecol_AZ155	2013	China	Homo sapiens
NZ_CP019005	Ecol_AZ155	2013	China	Homo sapiens
NZ_CP019005	Ecol_AZ155	2013	China	Homo sapiens
NZ_CP019005	Ecol_AZ155	2013	China	Homo sapiens
NZ_CP019005	Ecol_AZ155	2013	China	Homo sapiens
NZ_CP019008	Ecol_AZ159	2013	Colombia	Homo sapiens
NZ_CP019008	Ecol_AZ159	2013	Colombia	Homo sapiens
NZ_CP019008	Ecol_AZ159	2013	Colombia	Homo sapiens
NZ_CP019015	Ecol_AZ162	2013	USA	Homo sapiens
NZ_CP019015	Ecol_AZ162	2013	USA	Homo sapiens
NZ_CP019015	Ecol_AZ162	2013	USA	Homo sapiens
NZ_CP018983	Ecol_867	2013	Canada	Homo sapiens
NZ_CP018983	Ecol_867	2013	Canada	Homo sapiens
NZ_CP018983	Ecol_867	2013	Canada	Homo sapiens
NZ_CP018983	Ecol_867	2013	Canada	Homo sapiens
NZ_CP019029	Ecol_881	2013	Colombia	Homo sapiens
NZ_CP019029	Ecol_881	2013	Colombia	Homo sapiens
NZ_CP019029	Ecol_881	2013	Colombia	Homo sapiens
NZ_CP019029	Ecol_881	2013	Colombia	Homo sapiens
NZ_CP019029	Ecol_881	2013	Colombia	Homo sapiens
NZ_CP019029	Ecol_881	2013	Colombia	Homo sapiens
NZ_CP019029	Ecol_881	2013	Colombia	Homo sapiens
NZ_CP019029	Ecol_881	2013	Colombia	Homo sapiens
NZ_CP019029	Ecol_881	2013	Colombia	Homo sapiens
NZ_CP019000	Ecol_AZ153	2013	China	Homo sapiens
NZ_CP019000	Ecol_AZ153	2013	China	Homo sapiens
NZ_CP019000	Ecol_AZ153	2013	China	Homo sapiens
NZ_CP019000	Ecol_AZ153	2013	China	Homo sapiens
NZ_CP019000	Ecol_AZ153	2013	China	Homo sapiens
NZ_CP019020	Ecol_244	2010	Argentina	Homo sapiens
NZ_CP019020	Ecol_244	2010	Argentina	Homo sapiens
NZ_CP019020	Ecol_244	2010	Argentina	Homo sapiens
NZ_CP019020	Ecol_244	2010	Argentina	Homo sapiens
NZ_CP019020	Ecol_244	2010	Argentina	Homo sapiens
NZ_CP019777	NU14	1986	USA	Homo sapiens
NZ_CP020092	13E0725	1998	Germany	unknown
NZ_CP020058	AR_0061	unknown	unknown	unknown
NZ_CP020058	AR_0061	unknown	unknown	unknown
NZ_CP020058	AR_0061	unknown	unknown	unknown
NZ_CP020055	AR_0069	unknown	unknown	unknown
NZ_CP020055	AR_0069	unknown	unknown	unknown
NZ_CP020055	AR_0069	unknown	unknown	unknown
NZ_CP020116	AR_0104	unknown	unknown	unknown
NZ_CP020116	AR_0104	unknown	unknown	unknown
NZ_CP020116	AR_0104	unknown	unknown	unknown
NZ_CP020116	AR_0104	unknown	unknown	unknown
NZ_CP020107	13E0767	1998	Germany	unknown
NZ_CP019944	DSM 103246	2012	Germany	unknown
NZ_CP014641	BLK9	2012	Hungary	unknown
NZ_CP020543	C	2016	USA	Homo sapiens
NZ_LT601384	unknown	unknown	unknown	unknown
NZ_LT615378	unknown	unknown	unknown	unknown
NC_000913	K-12	unknown	unknown	unknown
NC_004431	CFT073	unknown	unknown	unknown
NZ_CP006632	PCN033	unknown	unknown	unknown
NZ_CP006632	PCN033	unknown	unknown	unknown
NZ_CP006632	PCN033	unknown	unknown	unknown
NZ_CP006632	PCN033	unknown	unknown	unknown
NZ_CP006262	RM13516	unknown	Belgium	Homo sapiens
NZ_CP006262	RM13516	unknown	Belgium	Homo sapiens
NZ_CP006262	RM13516	unknown	Belgium	Homo sapiens
NZ_CP007392	ST2747	2012	Belgium	unknown
NZ_CP007136	RM12581	unknown	USA	unknown
NZ_CP007136	RM12581	unknown	USA	unknown
NZ_CP007136	RM12581	unknown	USA	unknown
NZ_CP008957	EDL933	unknown	unknown	unknown
NZ_CP008957	EDL933	unknown	unknown	unknown
NZ_CP009644	ER2796	unknown	unknown	unknown
NZ_CP009106	94-3024	1994	USA	unknown
NZ_CP009106	94-3024	1994	USA	unknown
NZ_CP010371	6409	2012	Colombia	Homo sapiens
NZ_CP010371	6409	2012	Colombia	Homo sapiens
NZ_CP010371	6409	2012	Colombia	Homo sapiens
NZ_CP010585	C41(DE3)	2009	Sweden	unknown
NZ_CP010876	MNCRE44	2012	USA	Homo sapiens
NZ_CP010876	MNCRE44	2012	USA	Homo sapiens
NZ_CP010876	MNCRE44	2012	USA	Homo sapiens
NZ_CP010876	MNCRE44	2012	USA	Homo sapiens
NZ_CP010876	MNCRE44	2012	USA	Homo sapiens
NZ_CP010876	MNCRE44	2012	USA	Homo sapiens
NZ_CP010876	MNCRE44	2012	USA	Homo sapiens
NZ_CP011134	VR50	unknown	unknown	Homo sapiens
NZ_CP011134	VR50	unknown	unknown	Homo sapiens
NZ_CP011134	VR50	unknown	unknown	Homo sapiens
NZ_CP011134	VR50	unknown	unknown	Homo sapiens
NZ_CP011134	VR50	unknown	unknown	Homo sapiens
NZ_CP011134	VR50	unknown	unknown	Homo sapiens
NZ_CP011134	VR50	unknown	unknown	Homo sapiens
NZ_CP011134	VR50	unknown	unknown	Homo sapiens
NZ_CP011134	VR50	unknown	unknown	Homo sapiens
NZ_CP011134	VR50	unknown	unknown	Homo sapiens
NZ_CP010440	ER3476	2014	unknown	unknown
NZ_CP010444	ER3475	2014	unknown	unknown
NZ_CP007594	SEC470	unknown	unknown	unknown
NZ_CP011416	CFSAN029787	2012	Italy	Homo sapiens
NZ_CP011416	CFSAN029787	2012	Italy	Homo sapiens
NZ_CP011416	CFSAN029787	2012	Italy	Homo sapiens
NZ_CP011938	C43(DE3)	2009	South Korea	unknown
NZ_CP012126	DH1Ec104	2014	USA	unknown
NZ_CP012625	SF-468	2010	USA	Homo sapiens
NZ_CP012625	SF-468	2010	USA	Homo sapiens
NZ_CP012625	SF-468	2010	USA	Homo sapiens
NZ_CP012625	SF-468	2010	USA	Homo sapiens
NZ_CP012625	SF-468	2010	USA	Homo sapiens
NZ_CP012625	SF-468	2010	USA	Homo sapiens
NZ_CP012868	K-12	unknown	India	unknown
NZ_CP013025	2009C-3133	2008	USA	Homo sapiens
NZ_CP013025	2009C-3133	2008	USA	Homo sapiens
NZ_CP013025	2009C-3133	2008	USA	Homo sapiens
NZ_CP013025	2009C-3133	2008	USA	Homo sapiens
NZ_CP008697	ST648	2009	China	Homo sapiens
NZ_CP008697	ST648	2009	China	Homo sapiens
NZ_CP008697	ST648	2009	China	Homo sapiens
NZ_CP008697	ST648	2009	China	Homo sapiens
NZ_CP008697	ST648	2009	China	Homo sapiens
NZ_CP008697	ST648	2009	China	Homo sapiens
NZ_CP008697	ST648	2009	China	Homo sapiens
NZ_CP008697	ST648	2009	China	Homo sapiens
NZ_CP014197	MRE600	1950	United Kingdom	unknown
NZ_CP014197	MRE600	1950	United Kingdom	unknown
NZ_CP014197	MRE600	1950	United Kingdom	unknown
NZ_CP014197	MRE600	1950	United Kingdom	unknown
NZ_CP014269	C3029	unknown	USA	unknown
NZ_CP014495	SaT040	2007	USA	Homo sapiens
NZ_CP014495	SaT040	2007	USA	Homo sapiens
NZ_CP014522	ZH063	2002	Canada	Homo sapiens
NZ_CP014522	ZH063	2002	Canada	Homo sapiens
NZ_CP014522	ZH063	2002	Canada	Homo sapiens
NZ_CP015023	SRCC 1675	2002	USA	unknown
NZ_CP015023	SRCC 1675	2002	USA	unknown
NZ_CP015076	Ecol_448	2011	Argentina	Homo sapiens
NZ_CP015076	Ecol_448	2011	Argentina	Homo sapiens
NZ_CP015076	Ecol_448	2011	Argentina	Homo sapiens
NZ_CP015831	644-PT8	2012	United Kingdom	Homo sapiens
NZ_CP015995	S51	2015	Switzerland	unknown
NZ_CP015995	S51	2015	Switzerland	unknown
NZ_CP015995	S51	2015	Switzerland	unknown
NZ_CP015228	09-00049	2009	USA	unknown
NZ_CP015228	09-00049	2009	USA	unknown
NZ_CP015912	210205630	2016	USA	unknown
NZ_CP015912	210205630	2016	USA	unknown
NZ_CP015912	210205630	2016	USA	unknown
NZ_CP015912	210205630	2016	USA	unknown
NZ_CP015912	210205630	2016	USA	unknown
NZ_CP015912	210205630	2016	USA	unknown
NZ_CP016546	O177:H21	2015	Netherlands	Homo sapiens
NZ_CP016546	O177:H21	2015	Netherlands	Homo sapiens
NZ_CP016546	O177:H21	2015	Netherlands	Homo sapiens
NZ_CP016546	O177:H21	2015	Netherlands	Homo sapiens
NZ_CP016546	O177:H21	2015	Netherlands	Homo sapiens
NZ_CP016546	O177:H21	2015	Netherlands	Homo sapiens
NZ_CP014583	CFSAN004176	2003	USA	Homo sapiens
NZ_CP014583	CFSAN004176	2003	USA	Homo sapiens
NZ_CP014583	CFSAN004176	2003	USA	Homo sapiens
NZ_CP014583	CFSAN004176	2003	USA	Homo sapiens
NZ_CP013190	FORC_031	2004	Korea	Homo sapiens
NZ_CP013190	FORC_031	2004	Korea	Homo sapiens
NZ_CP013190	FORC_031	2004	Korea	Homo sapiens
NZ_CP013190	FORC_031	2004	Korea	Homo sapiens
NZ_CP013190	FORC_031	2004	Korea	Homo sapiens
NZ_CP017438	2159	2003	USA	unknown
NZ_CP017438	2159	2003	USA	unknown
NZ_CP017249	NADC 5570/86-24/6565	unknown	unknown	unknown
NZ_CP017249	NADC 5570/86-24/6565	unknown	unknown	unknown
NZ_CP018103	MRSN352231	2016	Germany	Homo sapiens
NZ_CP018103	MRSN352231	2016	Germany	Homo sapiens
NZ_CP018103	MRSN352231	2016	Germany	Homo sapiens
NZ_CP018103	MRSN352231	2016	Germany	Homo sapiens
NZ_CP018103	MRSN352231	2016	Germany	Homo sapiens
NZ_CP018103	MRSN352231	2016	Germany	Homo sapiens
NZ_CP016628	FORC_041	2013	South Korea	unknown
NZ_CP018245	472	2012	United Kingdom	Homo sapiens
NZ_CP018245	472	2012	United Kingdom	Homo sapiens
NZ_CP018241	319	2012	United Kingdom	Homo sapiens
NZ_CP018241	319	2012	United Kingdom	Homo sapiens
NZ_CP010121	C4	2014	unknown	cow
NZ_CP010151	D8	2014	unknown	dog
NZ_CP010176	H10	2014	unknown	unknown
NZ_CP010125	C8	2014	unknown	cow
NZ_CP010125	C8	2014	unknown	cow
NZ_CP010125	C8	2014	unknown	cow
NZ_CP010125	C8	2014	unknown	cow
NZ_CP010140	D3	2014	unknown	dog
NZ_CP010140	D3	2014	unknown	dog
NZ_CP010140	D3	2014	unknown	dog
NZ_CP010152	D9	2014	unknown	dog
NZ_CP010152	D9	2014	unknown	dog
NZ_CP010152	D9	2014	unknown	dog
NZ_CP010152	D9	2014	unknown	dog
NZ_CP010152	D9	2014	unknown	dog
NZ_CP010167	H3	2014	unknown	unknown
NZ_CP010167	H3	2014	unknown	unknown
NZ_CP010230	S21	2014	unknown	unknown
NZ_CP010178	H15	2014	unknown	unknown
NZ_CP010178	H15	2014	unknown	unknown
NZ_CP010191	M8	2014	unknown	mouse
NZ_CP010191	M8	2014	unknown	mouse
NZ_CP010191	M8	2014	unknown	mouse
NZ_CP010191	M8	2014	unknown	mouse
NZ_CP010191	M8	2014	unknown	mouse
NZ_CP010213	M15	2014	unknown	mouse
NZ_CP010213	M15	2014	unknown	mouse
NZ_CP010213	M15	2014	unknown	mouse
NZ_CP010213	M15	2014	unknown	mouse
NZ_CP010213	M15	2014	unknown	mouse
NZ_CP010213	M15	2014	unknown	mouse
NZ_CP010231	S30	2014	unknown	unknown
NZ_CP010231	S30	2014	unknown	unknown
NZ_CP010231	S30	2014	unknown	unknown
NZ_CP010231	S30	2014	unknown	unknown
NZ_CP010229	S10	2014	unknown	unknown
NZ_CP019213	WCHEC1613	2015	China	unknown
NZ_CP019213	WCHEC1613	2015	China	unknown
NZ_CP019213	WCHEC1613	2015	China	unknown
NZ_CP019213	WCHEC1613	2015	China	unknown
NZ_CP018948	Ecol_224	2010	Viet Nam	Homo sapiens
NZ_CP018948	Ecol_224	2010	Viet Nam	Homo sapiens
NZ_CP018948	Ecol_224	2010	Viet Nam	Homo sapiens
NZ_CP018948	Ecol_224	2010	Viet Nam	Homo sapiens
NZ_CP018948	Ecol_224	2010	Viet Nam	Homo sapiens
NZ_CP018948	Ecol_224	2010	Viet Nam	Homo sapiens
NZ_CP018948	Ecol_224	2010	Viet Nam	Homo sapiens
NZ_CP018948	Ecol_224	2010	Viet Nam	Homo sapiens
NZ_CP018948	Ecol_224	2010	Viet Nam	Homo sapiens
NZ_CP018970	Ecol_542	2011	Viet Nam	Homo sapiens
NZ_CP018970	Ecol_542	2011	Viet Nam	Homo sapiens
NZ_CP018970	Ecol_542	2011	Viet Nam	Homo sapiens
NZ_CP018970	Ecol_542	2011	Viet Nam	Homo sapiens
NZ_CP018970	Ecol_542	2011	Viet Nam	Homo sapiens
NZ_CP018995	Ecol_AZ147	2012	Israel	Homo sapiens
NZ_CP018995	Ecol_AZ147	2012	Israel	Homo sapiens
NZ_CP018995	Ecol_AZ147	2012	Israel	Homo sapiens
NZ_CP018995	Ecol_AZ147	2012	Israel	Homo sapiens
NZ_CP018962	Ecol_422	2011	Ecuador	Homo sapiens
NZ_CP018962	Ecol_422	2011	Ecuador	Homo sapiens
NZ_CP018962	Ecol_422	2011	Ecuador	Homo sapiens
NZ_CP018962	Ecol_422	2011	Ecuador	Homo sapiens
NZ_CP018962	Ecol_422	2011	Ecuador	Homo sapiens
NZ_CP019012	Ecol_AZ161	2013	USA	Homo sapiens
NZ_CP019012	Ecol_AZ161	2013	USA	Homo sapiens
NZ_CP019012	Ecol_AZ161	2013	USA	Homo sapiens
NZ_CP019012	Ecol_AZ161	2013	USA	Homo sapiens
NZ_CP020048	AR_0118	unknown	unknown	unknown
NZ_CP020048	AR_0118	unknown	unknown	unknown
NZ_CP020048	AR_0118	unknown	unknown	unknown
NZ_CP020048	AR_0118	unknown	unknown	unknown
NZ_CP020106	13E0780	1998	Germany	unknown
NZ_CP014642	BLK16	2012	Hungary	unknown
NZ_LT615377	unknown	unknown	unknown	unknown
